Clube,País,Fundação,Matiz (0-360),Saturação (%),ID do desenho,Rótulo do desenho,Início,Fim (vazio = atual)
ATLÉTICO MG,Brasil,1908,0,0,cam-1910,1º escudo (1910),1910,1920
ATLÉTICO MG,Brasil,1908,0,0,cam-1920,2º escudo (1920),1920,
BOTAFOGO,Brasil,1904,0,0,botafogo-1904,1º escudo (1904),1904,1942
BOTAFOGO,Brasil,1904,0,0,botafogo-1942,2º escudo (1942),1942,
CORINTHIANS,Brasil,1910,0,0,corinthians-1913,1º escudo (1913),1913,1916
CORINTHIANS,Brasil,1910,0,0,corinthians-1916,2º escudo (1916),1916,1919
CORINTHIANS,Brasil,1910,0,0,corinthians-1919,3º escudo (1919),1919,1939
CORINTHIANS,Brasil,1910,0,0,corinthians-1939,4º escudo (1939),1939,
CRUZEIRO,Brasil,1921,0,0,cruzeiro-1921,1º escudo (1921),1921,1942
CRUZEIRO,Brasil,1921,0,0,cruzeiro-1942,2º escudo (1942),1942,
FLAMENGO,Brasil,1895,0,0,fla-1895,1º escudo (1895),1895,1920
FLAMENGO,Brasil,1895,0,0,fla-1920,2º escudo (1920),1920,
FLUMINENSE,Brasil,1902,0,0,flu-1902,1º escudo (1902),1902,1905
FLUMINENSE,Brasil,1902,0,0,flu-1905,2º escudo (1905),1905,
GRÊMIO,Brasil,1903,0,0,gremio-1903,1º escudo (1903),1903,1920
GRÊMIO,Brasil,1903,0,0,gremio-1920,2º escudo (1920),1920,
INTERNACIONAL,Brasil,1909,0,0,inter-1909,1º escudo (1909),1909,
PALMEIRAS,Brasil,1914,0,0,palmeiras-1914,1º escudo (1914),1914,1942
PALMEIRAS,Brasil,1914,0,0,palmeiras-1942,2º escudo (1942),1942,
SANTOS,Brasil,1912,0,0,santos-1912,1º escudo (1912),1912,1913
SANTOS,Brasil,1912,0,0,santos-1913,2º escudo (1913),1913,1925
SANTOS,Brasil,1912,0,0,santos-1925,3º escudo (1925),1925,1942
SANTOS,Brasil,1912,0,0,santos-1942,4º escudo (1942),1942,1944
SANTOS,Brasil,1912,0,0,santos-1925,3º escudo (1944),1944,
SÃO PAULO,Brasil,1930,0,0,spfc-1930,1º escudo (1930),1930,
VASCO DA GAMA,Brasil,1898,0,0,vasco-1899,1º escudo (1899),1899,1920
VASCO DA GAMA,Brasil,1898,0,0,vasco-1920,2º escudo (1920),1920,
ARGENTINOS JRS,Argentina,1904,0,0,arg-1904,1º escudo (1904),1904,1931
ARGENTINOS JRS,Argentina,1904,0,0,arg-1931,2º escudo (1931),1931,1953
ARGENTINOS JRS,Argentina,1904,0,0,arg-1904,1º escudo (1953),1953,1976
ARGENTINOS JRS,Argentina,1904,0,0,arg-1931,2º escudo (1976),1976,
BOCA JUNIORS,Argentina,1905,0,0,boca-1910,1º escudo (1910),1910,1915
BOCA JUNIORS,Argentina,1905,0,0,boca-1915,2º escudo (1915),1915,
ESTUDIANTES,Argentina,1905,0,0,estudiantes-1905,1º escudo (1905),1905,1930
ESTUDIANTES,Argentina,1905,0,0,estudiantes-1930,2º escudo (1930),1930,1960
ESTUDIANTES,Argentina,1905,0,0,estudiantes-1960,3º escudo (1960),1960,1990
ESTUDIANTES,Argentina,1905,0,0,estudiantes-1930,2º escudo (1990),1990,
HURACÁN,Argentina,1908,0,0,huracan-1908,1º escudo (1908),1908,1909
HURACÁN,Argentina,1908,0,0,huracan-1909,2º escudo (1909),1909,1911
HURACÁN,Argentina,1908,0,0,huracan-1911,3º escudo (1911),1911,
INDEPENDIENTE,Argentina,1904,0,0,cai-1905,1º escudo (1905),1905,1912
INDEPENDIENTE,Argentina,1904,0,0,cai-1912,2º escudo (1912),1912,1920
INDEPENDIENTE,Argentina,1904,0,0,cai-1920,3º escudo (1920),1920,1930
INDEPENDIENTE,Argentina,1904,0,0,cai-1930,4º escudo (1930),1930,
LANÚS,Argentina,1915,0,0,lanus-1915,1º escudo (1915),1915,1931
LANÚS,Argentina,1915,0,0,lanus-1931,2º escudo (1931),1931,1950
LANÚS,Argentina,1915,0,0,lanus-1950,3º escudo (1950),1950,1960
LANÚS,Argentina,1915,0,0,lanus-1960,4º escudo (1960),1960,
NEWELL'S O B,Argentina,1903,0,0,newells-1903,1º escudo (1903),1903,1926
NEWELL'S O B,Argentina,1903,0,0,newells-1926,2º escudo (1926),1926,1942
NEWELL'S O B,Argentina,1903,0,0,newells-1942,3º escudo (1942),1942,1945
NEWELL'S O B,Argentina,1903,0,0,newells-1926,2º escudo (1945),1945,1952
NEWELL'S O B,Argentina,1903,0,0,newells-1942,3º escudo (1952),1952,
RACING,Argentina,1903,0,0,racing-1903,1º escudo (1903),1903,1918
RACING,Argentina,1903,0,0,racing-1918,2º escudo (1918),1918,1929
RACING,Argentina,1903,0,0,racing-1929,3º escudo (1929),1929,1936
RACING,Argentina,1903,0,0,racing-1936,4º escudo (1936),1936,
RIVER PLATE,Argentina,1901,0,0,river-1914,1º escudo (1914),1914,1928
RIVER PLATE,Argentina,1901,0,0,river-1928,2º escudo (1928),1928,1932
RIVER PLATE,Argentina,1901,0,0,river-1932,3º escudo (1932),1932,
ROSARIO C,Argentina,1903,0,0,rosario-1913,1º escudo (1913),1913,1976
ROSARIO C,Argentina,1903,0,0,rosario-1976,2º escudo (1976),1976,
SAN LORENZO,Argentina,1908,0,0,sla-1908,1º escudo (1908),1908,
VELEZ SARSFIELD,Argentina,1910,0,0,velez-1914,1º escudo (1914),1914,1917
VELEZ SARSFIELD,Argentina,1910,0,0,velez-1917,2º escudo (1917),1917,1926
VELEZ SARSFIELD,Argentina,1910,0,0,velez-1926,3º escudo (1926),1926,1927
VELEZ SARSFIELD,Argentina,1910,0,0,velez-1917,2º escudo (1927),1927,1933
VELEZ SARSFIELD,Argentina,1910,0,0,velez-1933,4º escudo (1933),1933,1934
VELEZ SARSFIELD,Argentina,1910,0,0,velez-1914,1º escudo (1934),1934,1941
VELEZ SARSFIELD,Argentina,1910,0,0,velez-1917,2º escudo (1941),1941,1943
VELEZ SARSFIELD,Argentina,1910,0,0,velez-1933,4º escudo (1943),1943,1960
VELEZ SARSFIELD,Argentina,1910,0,0,velez-1960,5º escudo (1960),1960,
ARSENAL,Inglaterra,1886,0,0,arsenal-1904,1º escudo (1904),1904,1921
ARSENAL,Inglaterra,1886,0,0,arsenal-1921,2º escudo (1921),1921,1930
ARSENAL,Inglaterra,1886,0,0,arsenal-1930,3º escudo (1930),1930,1932
ARSENAL,Inglaterra,1886,0,0,arsenal-1932,4º escudo (1932),1932,1950
ARSENAL,Inglaterra,1886,0,0,arsenal-1950,5º escudo (1950),1950,2002
ARSENAL,Inglaterra,1886,0,0,arsenal-1930,3º escudo (1930),2002,
ASTON VILLA,Inglaterra,1874,0,0,villa-1878,1º escudo (1878),1878,1956
ASTON VILLA,Inglaterra,1874,0,0,villa-1956,2º escudo (1956),1956,1969
ASTON VILLA,Inglaterra,1874,0,0,villa-1878,1º escudo (1878),1969,1973
ASTON VILLA,Inglaterra,1874,0,0,villa-1973,3º escudo (1973),1973,1992
ASTON VILLA,Inglaterra,1874,0,0,villa-1992,4º escudo (1992),1992,2007
ASTON VILLA,Inglaterra,1874,0,0,villa-2007,5º escudo (2007),2007,2023
ASTON VILLA,Inglaterra,1874,0,0,villa-1973,3º escudo (1973),2023,2024
ASTON VILLA,Inglaterra,1874,0,0,villa-2007,5º escudo (2007),2024,
CHELSEA,Inglaterra,1905,0,0,chelsea-1905,1º escudo (1905),1905,1953
CHELSEA,Inglaterra,1905,0,0,chelsea-1953,2º escudo (1953),1953,1986
CHELSEA,Inglaterra,1905,0,0,chelsea-1986,3º escudo (1986),1986,2005
CHELSEA,Inglaterra,1905,0,0,chelsea-1953,2º escudo (1953),2005,
EVERTON,Inglaterra,1878,0,0,everton-1920,1º escudo (1920),1920,1938
EVERTON,Inglaterra,1878,0,0,everton-1938,2º escudo (1938),1938,
LIVERPOOL,Inglaterra,1892,0,0,liverpool-1892,1º escudo (1892),1892,1947
LIVERPOOL,Inglaterra,1892,0,0,liverpool-1947,2º escudo (1947),1947,1981
LIVERPOOL,Inglaterra,1892,0,0,liverpool-1981,3º escudo (1981),1981,1992
LIVERPOOL,Inglaterra,1892,0,0,liverpool-1992,4º escudo (1992),1992,
MAN CITY,Inglaterra,1880,0,0,city-1880,1º escudo (1880),1880,1887
MAN CITY,Inglaterra,1880,0,0,city-1887,2º escudo (1887),1887,1894
MAN CITY,Inglaterra,1880,0,0,city-1894,3º escudo (1894),1894,1970
MAN CITY,Inglaterra,1880,0,0,city-1970,4º escudo (1970),1970,1976
MAN CITY,Inglaterra,1880,0,0,city-1894,3º escudo (1894),1976,1995
MAN CITY,Inglaterra,1880,0,0,city-1970,4º escudo (1970),1995,1997
MAN CITY,Inglaterra,1880,0,0,city-1997,5º escudo (1997),1997,2016
MAN CITY,Inglaterra,1880,0,0,city-1970,4º escudo (1970),2016,
MANCHESTER UTD,Inglaterra,1878,0,0,man-1878,1º escudo (1878),1878,1902
MANCHESTER UTD,Inglaterra,1878,0,0,man-1902,2º escudo (1902),1902,1967
MANCHESTER UTD,Inglaterra,1878,0,0,man-1967,3º escudo (1967),1967,1969
MANCHESTER UTD,Inglaterra,1878,0,0,man-1969,4º escudo (1969),1969,
NEWCASTLE,Inglaterra,1907,0,0,new-1910,1º escudo (1910),1910,1969
NEWCASTLE,Inglaterra,1907,0,0,new-1969,2º escudo (1969),1969,1976
NEWCASTLE,Inglaterra,1907,0,0,new-1976,3º escudo (1976),1976,1983
NEWCASTLE,Inglaterra,1907,0,0,new-1983,4º escudo (1983),1983,1988
NEWCASTLE,Inglaterra,1907,0,0,new-1988,5º escudo (1988),1988,
N FOREST,Inglaterra,1908,0,0,forest-1946,1º escudo (1946),1946,1958
N FOREST,Inglaterra,1908,0,0,forest-1958,2º escudo (1958),1958,1974
N FOREST,Inglaterra,1908,0,0,forest-1974,3º escudo (1974),1974,
SUNDERLAND,Inglaterra,1880,0,0,sunderland-1913,1º escudo (1913),1913,1972
SUNDERLAND,Inglaterra,1880,0,0,sunderland-1972,2º escudo (1972),1972,1997
SUNDERLAND,Inglaterra,1880,0,0,sunderland-1997,3º escudo (1997),1997,
TOTTENHAM H,Inglaterra,1882,0,0,hotspurs-1921,1º escudo (1921),1921,1966
TOTTENHAM H,Inglaterra,1882,0,0,hotspurs-1966,2º escudo (1966),1966,1981
TOTTENHAM H,Inglaterra,1882,0,0,hotspurs-1981,3º escudo (1981),1981,1983
TOTTENHAM H,Inglaterra,1882,0,0,hotspurs-1983,4º escudo (1983),1983,1995
TOTTENHAM H,Inglaterra,1882,0,0,hotspurs-1921,1º escudo (1921),1995,1997
TOTTENHAM H,Inglaterra,1882,0,0,hotspurs-1981,3º escudo (1981),1997,2006
TOTTENHAM H,Inglaterra,1882,0,0,hotspurs-1966,2º escudo (1966),2006,
WEST HAM UTD,Inglaterra,1900,0,0,westham-1923,1º escudo (1923),1923,1964
WEST HAM UTD,Inglaterra,1900,0,0,westham-1964,2º escudo (1964),1964,1983
WEST HAM UTD,Inglaterra,1900,0,0,westham-1923,1º escudo (1923),1983,1985
WEST HAM UTD,Inglaterra,1900,0,0,westham-1964,2º escudo (1964),1985,2016
WEST HAM UTD,Inglaterra,1900,0,0,westham-1923,1º escudo (1923),2016,
